plant,axe,nf,end,disp,dimIndex,phenIndex,earIndex,emf1,ligf1,senf1,dispf1
4,0,12,NA,NA,1,1,1,20.08567569,173.2249724,397.311686,597.311686
4,1,9,NA,NA,2,2,2,184.8099183,324.1258825,552.6999104,752.6999104
4,2,9,NA,NA,3,3,3,244.3945658,378.1362278,612.9106472,812.9106472
4,3,7,812.1424792,1412.142479,4,4,4,322.951536,454.1805796,713.1600648,913.1600648
4,4,6,910.5049375,1510.504938,5,5,5,395.2859613,539.4943355,853.6757442,1053.675744
