TT,axes_density
-20.379132164254898,250.0
661.68546600703985,1185.0
1078.0,500.0
