TT,axes_density
-15.771,12.0
594.150982690416,62.400000000000006
1078.0,25.0
