id_cohort,theoretical_cardinality,simulated_cardinality
1,5.0,5.0
3,0.0,0.0
4,4.5,5.0
5,4.915,5.0
6,7.761499999999999,7.0
7,1.6865550000000002,0.0
