TT,axes_density
-0.7712890270000009,250.0
661.68546600703985,1185.0
1078.0,500.0
