id_phen,index_phytomer,TT_em_phytomer,TT_col_phytomer,TT_sen_phytomer,TT_del_phytomer
110,1,-65.497566368619999,107.10583987569998,528.25921509990508,851.89060180800504
111,1,-59.594818438764712,97.298606993042114,523.54418078896651,817.66182784779005
407,1,168.79565370625988,374.94393713652096,884.71407725683423,1271.2421086885738
408,1,178.45885449205338,358.83860249353182,747.82947318327001,1086.0415006860421
506,1,374.85746442324114,564.71020032063723,1128.1476473088717,1484.1215271164892
507,1,385.02814670345879,547.75906318694115,922.12726986837322,1227.2477382749025
508,1,392.65615841362194,535.045710336669,850.32212203080519,1117.3025318865184
606,1,251.05648403108418,473.34582123566986,1138.1476473088717,1554.9401545674698
607,1,167.08136799197413,377.80107999366379,893.33425728778536,1288.4337172909536
