TT,axes_density
-0.7712890270000009,250.0
661.68546600704133,1167.5
1078.0,500.0
