TT,axes_density
-15.771,217.0
594.150982690416,1001.1590909090909
1078.0,344.0
