id_axis,id_cohort,cardinality,N_phytomer_potential,a_cohort,TT_hs_0,TT_hs_break,TT_flag_ligulation,dTT_MS_cohort,n0,n1,n2,t0,t1,hs_t1,a,c,RMSE_gl
MS,1,5,11,0.01,-0.771,NA,1078.0,0.0,4.872,3.243,5.8,486.429,699.229,7.0,-5.20833450914e-09,-0.00380968975978,0.168912243234
T1,4,5,8,0.00890104375864,249.229,NA,1148.0,70.0,3.59554414606,3.243,4.93,653.175350963,769.229,4.62854275449,-4.42708433277e-09,-0.00323823629581,0.168912243234
T1.0,6,4,7,0.00947519596736,429.229,NA,1168.0,90.0,NA,3.243,4.93,NA,771.491050429,3.41107054825,-4.42708433277e-09,-0.00323823629581,0.168912243234
T1.0,6,1,8,0.0105433655213,429.229,NA,1188.0,110.0,NA,3.243,4.93,NA,736.815794125,4.00647889811,-4.42708433277e-09,-0.00323823629581,0.168912243234
T2,5,2,8,0.00953776418117,319.229,NA,1158.0,80.0,3.41279545012,3.243,4.93,677.048231562,779.229,4.38737152334,-4.42708433277e-09,-0.00323823629581,0.168912243234
T2,5,2,7,0.00854939903831,319.229,NA,1138.0,60.0,3.24572654922,3.243,4.93,698.872824633,759.229,3.76173557686,-4.42708433277e-09,-0.00323823629581,0.168912243234
T2.0,7,1,6,0.00954242482557,549.229,NA,1178.0,100.0,NA,3.243,4.93,NA,889.0797255,2.38560620639,-4.42708433277e-09,-0.00323823629581,0.168912243234
T3,6,5,7,0.00947519596736,429.229,NA,1168.0,90.0,NA,3.243,4.93,NA,771.491050429,3.41107054825,-4.42708433277e-09,-0.00323823629581,0.168912243234
